3500ppm;3500ppm;3500ppm;3500ppm;3500ppm;3500ppm;3500ppm;3500ppm;3500ppm;3500ppm;3500ppm;3500ppm;3500ppm;3500ppm;3500ppm;3500ppm;3500ppm;3500ppm;3500ppm;3500ppm;3500ppm;3500ppm;3500ppm;3500ppm;3500ppm;1750ppm;1750ppm;1750ppm;1750ppm;1750ppm;1750ppm;1750ppm;1750ppm;1750ppm;1750ppm;1750ppm;1750ppm;1750ppm;1750ppm;1750ppm;1750ppm;1750ppm;1750ppm;1750ppm;1750ppm;1750ppm;1750ppm;1750ppm;1750ppm;1750ppm;875ppm;875ppm;875ppm;875ppm;875ppm;875ppm;875ppm;875ppm;875ppm;875ppm;875ppm;875ppm;875ppm;875ppm;875ppm;875ppm;875ppm;875ppm;875ppm;875ppm;875ppm;875ppm;875ppm;875ppm;875ppm;437ppm;437ppm;437ppm;437ppm;437ppm;437ppm;437ppm;437ppm;437ppm;437ppm;437ppm;437ppm;437ppm;437ppm;437ppm;437ppm;437ppm;437ppm;437ppm;437ppm;437ppm;437ppm;437ppm;437ppm;437ppm;218ppm;218ppm;218ppm;218ppm;218ppm;218ppm;218ppm;218ppm;218ppm;218ppm;218ppm;218ppm;218ppm;218ppm;218ppm;218ppm;218ppm;218ppm;218ppm;218ppm;218ppm;218ppm;218ppm;218ppm;218ppm;109ppm;109ppm;109ppm;109ppm;109ppm;109ppm;109ppm;109ppm;109ppm;109ppm;109ppm;109ppm;109ppm;109ppm;109ppm;109ppm;109ppm;109ppm;109ppm;109ppm;109ppm;109ppm;109ppm;109ppm;109ppm;54ppm;54ppm;54ppm;54ppm;54ppm;54ppm;54ppm;54ppm;54ppm;54ppm;54ppm;54ppm;54ppm;54ppm;54ppm;54ppm;54ppm;54ppm;54ppm;54ppm;54ppm;54ppm;54ppm;54ppm;54ppm;27ppm;27ppm;27ppm;27ppm;27ppm;27ppm;27ppm;27ppm;27ppm;27ppm;27ppm;27ppm;27ppm;27ppm;27ppm;27ppm;27ppm;27ppm;27ppm;27ppm;27ppm;27ppm;27ppm;27ppm;27ppm;13ppm;13ppm;13ppm;13ppm;13ppm;13ppm;13ppm;13ppm;13ppm;13ppm;6.5ppm;6.5ppm;6.5ppm;6.5ppm;6.5ppm;6.5ppm;6.5ppm;6.5ppm;6.5ppm;6.5ppm;Vácuo;Vácuo;Vácuo;Vácuo;Vácuo;Vácuo;Vácuo;Vácuo;Vácuo;Vácuo;Nitrogênio;Nitrogênio;Nitrogênio;Nitrogênio;Nitrogênio;Nitrogênio;Nitrogênio;Nitrogênio;Nitrogênio;Nitrogênio
WMS;WMS;WMS;WMS;WMS;WMS;WMS;WMS;WMS;WMS;WMS;WMS;WMS;WMS;WMS;WMS;WMS;WMS;WMS;WMS;WMS;WMS;WMS;WMS;WMS;WMS;WMS;WMS;WMS;WMS;WMS;WMS;WMS;WMS;WMS;WMS;WMS;WMS;WMS;WMS;WMS;WMS;WMS;WMS;WMS;WMS;WMS;WMS;WMS;WMS;WMS;WMS;WMS;WMS;WMS;WMS;WMS;WMS;WMS;WMS;WMS;WMS;WMS;WMS;WMS;WMS;WMS;WMS;WMS;WMS;WMS;WMS;WMS;WMS;WMS;WMS;WMS;WMS;WMS;WMS;WMS;WMS;WMS;WMS;WMS;WMS;WMS;WMS;WMS;WMS;WMS;WMS;WMS;WMS;WMS;WMS;WMS;WMS;WMS;WMS;WMS;WMS;WMS;WMS;WMS;WMS;WMS;WMS;WMS;WMS;WMS;WMS;WMS;WMS;WMS;WMS;WMS;WMS;WMS;WMS;WMS;WMS;WMS;WMS;WMS;WMS;WMS;WMS;WMS;WMS;WMS;WMS;WMS;WMS;WMS;WMS;WMS;WMS;WMS;WMS;WMS;WMS;WMS;WMS;WMS;WMS;WMS;WMS;WMS;WMS;WMS;WMS;WMS;WMS;WMS;WMS;WMS;WMS;WMS;WMS;WMS;WMS;WMS;WMS;WMS;WMS;WMS;WMS;WMS;WMS;WMS;WMS;WMS;WMS;WMS;WMS;WMS;WMS;WMS;WMS;WMS;WMS;WMS;WMS;WMS;WMS;WMS;WMS;WMS;WMS;WMS;WMS;WMS;WMS;WMS;WMS;WMS;WMS;WMS;WMS;WMS;WMS;WMS;WMS;WMS;WMS;WMS;WMS;WMS;WMS;WMS;WMS;WMS;WMS;WMS;WMS;WMS;WMS;WMS;WMS;WMS;WMS;WMS;WMS;WMS;WMS;WMS;WMS;WMS;WMS;WMS;WMS;WMS;WMS;WMS;WMS;WMS;WMS;WMS;WMS
08/10/2025;08/10/2025;08/10/2025;08/10/2025;08/10/2025;08/10/2025;08/10/2025;08/10/2025;08/10/2025;08/10/2025;08/10/2025;08/10/2025;08/10/2025;08/10/2025;08/10/2025;08/10/2025;08/10/2025;08/10/2025;08/10/2025;08/10/2025;08/10/2025;08/10/2025;08/10/2025;08/10/2025;08/10/2025;08/10/2025;08/10/2025;08/10/2025;08/10/2025;08/10/2025;08/10/2025;08/10/2025;08/10/2025;08/10/2025;08/10/2025;08/10/2025;08/10/2025;08/10/2025;08/10/2025;08/10/2025;08/10/2025;08/10/2025;08/10/2025;08/10/2025;08/10/2025;08/10/2025;08/10/2025;08/10/2025;08/10/2025;08/10/2025;08/10/2025;08/10/2025;08/10/2025;08/10/2025;08/10/2025;08/10/2025;08/10/2025;08/10/2025;08/10/2025;08/10/2025;08/10/2025;08/10/2025;08/10/2025;08/10/2025;08/10/2025;08/10/2025;08/10/2025;08/10/2025;08/10/2025;08/10/2025;08/10/2025;08/10/2025;08/10/2025;08/10/2025;08/10/2025;08/10/2025;08/10/2025;08/10/2025;08/10/2025;08/10/2025;08/10/2025;08/10/2025;08/10/2025;08/10/2025;08/10/2025;08/10/2025;08/10/2025;08/10/2025;08/10/2025;08/10/2025;08/10/2025;08/10/2025;08/10/2025;08/10/2025;08/10/2025;08/10/2025;08/10/2025;08/10/2025;08/10/2025;08/10/2025;08/10/2025;08/10/2025;08/10/2025;08/10/2025;08/10/2025;08/10/2025;08/10/2025;08/10/2025;08/10/2025;08/10/2025;08/10/2025;08/10/2025;08/10/2025;08/10/2025;08/10/2025;08/10/2025;08/10/2025;08/10/2025;08/10/2025;08/10/2025;08/10/2025;08/10/2025;08/10/2025;08/10/2025;08/10/2025;08/10/2025;08/10/2025;08/10/2025;08/10/2025;08/10/2025;08/10/2025;08/10/2025;08/10/2025;08/10/2025;08/10/2025;08/10/2025;08/10/2025;08/10/2025;08/10/2025;08/10/2025;08/10/2025;08/10/2025;08/10/2025;08/10/2025;08/10/2025;08/10/2025;08/10/2025;08/10/2025;08/10/2025;08/10/2025;08/10/2025;08/10/2025;08/10/2025;08/10/2025;08/10/2025;08/10/2025;08/10/2025;08/10/2025;08/10/2025;08/10/2025;08/10/2025;08/10/2025;08/10/2025;08/10/2025;08/10/2025;08/10/2025;08/10/2025;08/10/2025;08/10/2025;08/10/2025;08/10/2025;08/10/2025;08/10/2025;08/10/2025;08/10/2025;08/10/2025;08/10/2025;08/10/2025;08/10/2025;08/10/2025;08/10/2025;08/10/2025;08/10/2025;08/10/2025;08/10/2025;08/10/2025;08/10/2025;08/10/2025;08/10/2025;08/10/2025;08/10/2025;08/10/2025;08/10/2025;08/10/2025;08/10/2025;08/10/2025;08/10/2025;08/10/2025;08/10/2025;08/10/2025;08/10/2025;08/10/2025;08/10/2025;08/10/2025;08/10/2025;08/10/2025;08/10/2025;08/10/2025;08/10/2025;08/10/2025;08/10/2025;08/10/2025;08/10/2025;08/10/2025;08/10/2025;08/10/2025;08/10/2025;08/10/2025;08/10/2025;08/10/2025;07/10/2025;07/10/2025;07/10/2025;07/10/2025;07/10/2025;07/10/2025;07/10/2025;07/10/2025;07/10/2025;07/10/2025;07/10/2025;07/10/2025;07/10/2025;07/10/2025;07/10/2025;07/10/2025;07/10/2025;07/10/2025;07/10/2025;07/10/2025
Exp6;Exp6;Exp6;Exp6;Exp6;Exp6;Exp6;Exp6;Exp6;Exp6;Exp6;Exp6;Exp6;Exp6;Exp6;Exp6;Exp6;Exp6;Exp6;Exp6;Exp6;Exp6;Exp6;Exp6;Exp6;Exp7;Exp7;Exp7;Exp7;Exp7;Exp7;Exp7;Exp7;Exp7;Exp7;Exp7;Exp7;Exp7;Exp7;Exp7;Exp7;Exp7;Exp7;Exp7;Exp7;Exp7;Exp7;Exp7;Exp7;Exp7;Exp8;Exp8;Exp8;Exp8;Exp8;Exp8;Exp8;Exp8;Exp8;Exp8;Exp8;Exp8;Exp8;Exp8;Exp8;Exp8;Exp8;Exp8;Exp8;Exp8;Exp8;Exp8;Exp8;Exp8;Exp8;Exp9;Exp9;Exp9;Exp9;Exp9;Exp9;Exp9;Exp9;Exp9;Exp9;Exp9;Exp9;Exp9;Exp9;Exp9;Exp9;Exp9;Exp9;Exp9;Exp9;Exp9;Exp9;Exp9;Exp9;Exp9;Exp10;Exp10;Exp10;Exp10;Exp10;Exp10;Exp10;Exp10;Exp10;Exp10;Exp10;Exp10;Exp10;Exp10;Exp10;Exp10;Exp10;Exp10;Exp10;Exp10;Exp10;Exp10;Exp10;Exp10;Exp10;Exp11;Exp11;Exp11;Exp11;Exp11;Exp11;Exp11;Exp11;Exp11;Exp11;Exp11;Exp11;Exp11;Exp11;Exp11;Exp11;Exp11;Exp11;Exp11;Exp11;Exp11;Exp11;Exp11;Exp11;Exp11;Exp12;Exp12;Exp12;Exp12;Exp12;Exp12;Exp12;Exp12;Exp12;Exp12;Exp12;Exp12;Exp12;Exp12;Exp12;Exp12;Exp12;Exp12;Exp12;Exp12;Exp12;Exp12;Exp12;Exp12;Exp12;Exp13;Exp13;Exp13;Exp13;Exp13;Exp13;Exp13;Exp13;Exp13;Exp13;Exp13;Exp13;Exp13;Exp13;Exp13;Exp13;Exp13;Exp13;Exp13;Exp13;Exp13;Exp13;Exp13;Exp13;Exp13;Exp14;Exp14;Exp14;Exp14;Exp14;Exp14;Exp14;Exp14;Exp14;Exp14;Exp15;Exp15;Exp15;Exp15;Exp15;Exp15;Exp15;Exp15;Exp15;Exp15;Exp1;Exp15;Exp15;Exp15;Exp15;Exp15;Exp15;Exp15;Exp15;Exp15;Exp1;Exp15;Exp15;Exp15;Exp15;Exp15;Exp15;Exp15;Exp15;Exp15
A;A;A;A;A;A;A;A;A;A;A;A;A;A;A;A;A;A;A;A;A;A;A;A;A;B;B;B;B;B;B;B;B;B;B;B;B;B;B;B;B;B;B;B;B;B;B;B;B;B;C;C;C;C;C;C;C;C;C;C;C;C;C;C;C;C;C;C;C;C;C;C;C;C;C;D;D;D;D;D;D;D;D;D;D;D;D;D;D;D;D;D;D;D;D;D;D;D;D;D;E;E;E;E;E;E;E;E;E;E;E;E;E;E;E;E;E;E;E;E;E;E;E;E;E;F;F;F;F;F;F;F;F;F;F;F;F;F;F;F;F;F;F;F;F;F;F;F;F;F;G;G;G;G;G;G;G;G;G;G;G;G;G;G;G;G;G;G;G;G;G;G;G;G;G;H;H;H;H;H;H;H;H;H;H;H;H;H;H;H;H;H;H;H;H;H;H;H;H;H;I;I;I;I;I;I;I;I;I;I;J;J;J;J;J;J;J;J;J;J;V;V;V;V;V;V;V;V;V;V;N;N;N;N;N;N;N;N;N;N
162;198;200;197;193;195;195;195;202;199;195;197;201;199;194;199;201;193;192;194;194;193;197;192;193;120;135;138;137;139;137;139;135;138;131;135;139;130;133;130;136;134;134;133;133;136;138;138;137;136;81;75;77;78;80;77;78;74;80;83;77;82;83;81;74;79;76;75;77;77;77;77;82;82;79;46;55;55;57;58;59;56;56;58;56;54;51;54;54;53;55;54;57;55;53;56;56;52;59;57;52;42;40;38;35;40;37;36;35;39;39;42;41;38;42;40;39;40;38;37;42;38;41;39;42;33;31;32;31;31;32;33;32;32;33;32;32;32;32;32;32;32;32;30;31;32;31;31;32;32;35;30;28;29;28;29;28;28;28;28;28;27;27;28;27;27;28;28;28;28;28;29;29;30;30;30;32;34;34;33;34;34;35;35;35;34;35;35;35;34;35;36;35;36;36;35;35;35;36;36;47;37;37;36;37;37;36;37;36;38;32;42;41;41;42;42;41;41;36;38;21;16;14;16;15;15;14;14;14;15;72;26;26;26;27;27;28;27;29;28
421;406;191;379;381;423;421;426;132;388;389;353;424;194;138;159;228;181;298;172;413;419;341;387;262;341;143;144;282;325;188;129;84;346;115;60;252;129;266;268;321;278;261;344;346;343;293;80;67;276;240;251;126;76;186;224;40;235;137;250;83;97;203;165;91;59;253;238;236;236;188;185;244;22;106;136;165;197;180;192;88;117;103;101;158;122;194;140;185;185;191;185;146;138;107;192;69;191;112;99;185;181;78;84;113;142;148;123;172;136;175;131;151;76;75;83;74;112;125;177;169;163;177;169;86;29;60;32;59;57;44;34;56;48;23;28;51;13;51;29;17;53;52;36;41;55;56;41;43;41;57;13;53;11;12;51;47;24;55;31;34;52;47;31;54;32;13;58;20;34;15;58;16;50;42;52;25;49;48;12;55;46;28;21;54;57;56;52;34;23;53;19;54;60;29;19;58;18;52;61;24;18;58;18;59;47;22;55;61;59;33;61;60;55;59;55;47;21;61;59;35;6;27;42;8;23;33;13;19;9;81;32;42;49;26;27;32;42;50;16
730;705;446;670;680;725;733;732;372;688;685;619;729;437;386;412;481;441;582;427;717;713;627;685;535;554;301;295;475;539;342;282;239;561;275;216;447;288;462;463;537;455;446;559;558;558;477;227;215;478;346;359;182;110;247;333;63;350;205;362;126;153;294;250;143;85;365;352;351;344;288;272;353;37;155;170;215;261;236;252;97;150;132;120;210;146;262;182;248;248;258;252;184;181;133;264;60;262;134;114;226;222;87;97;135;172;184;150;225;160;216;163;184;86;70;100;81;130;150;223;208;204;223;220;100;39;83;39;82;80;60;46;79;68;29;39;71;11;75;38;18;75;77;48;60;79;80;60;59;60;76;10;76;6;12;71;67;29;77;42;45;75;64;44;77;45;4;80;25;42;4;79;9;68;53;71;34;67;63;12;73;59;35;22;70;76;74;68;42;22;69;13;71;78;31;12;76;11;67;79;7;1;74;4;75;59;19;69;77;74;44;73;72;67;70;66;57;21;77;74;55;23;47;63;20;42;49;25;40;25;75;44;57;65;39;40;43;54;65;26
752;748;714;749;747;755;762;750;695;744;745;734;752;714;713;708;720;719;733;721;757;752;737;745;729;515;488;483;508;526;486;479;479;527;487;482;509;485;509;506;521;501;503;524;512;519;511;475;481;514;270;272;245;235;252;266;229;274;247;275;235;240;265;256;238;233;275;256;276;271;263;255;270;229;236;124;134;148;143;147;105;119;115;118;137;122;153;132;149;145;146;150;131;130;116;153;105;153;117;115;103;101;67;67;78;85;93;81;103;78;96;79;89;63;75;62;62;75;79;98;99;99;98;96;64;44;69;42;67;67;54;46;66;58;38;43;61;33;63;42;35;64;64;47;55;65;66;54;52;53;57;23;56;22;22;53;50;30;57;37;36;56;49;38;58;39;22;58;28;36;23;58;25;50;43;51;30;48;44;18;52;43;28;23;49;52;51;48;31;23;49;20;50;53;27;20;53;20;47;54;17;17;49;17;50;40;21;46;50;49;31;48;45;43;46;43;38;18;50;49;40;14;33;44;8;30;33;9;28;6;42;28;36;40;23;25;24;31;40;12
817;823;827;824;828;829;829;823;824;822;823;820;822;821;823;826;823;825;825;830;827;829;826;826;823;565;569;571;569;570;564;569;562;565;562;566;569;568;564;567;564;564;563;565;567;561;569;564;572;563;283;289;288;285;283;289;279;282;283;281;283;283;289;283;285;288;285;287;288;284;286;281;281;283;286;143;144;143;144;143;138;145;143;147;145;144;148;148;148;141;144;144;141;144;145;149;142;144;146;146;85;90;92;91;94;88;94;90;87;86;85;90;89;89;87;88;91;90;87;87;91;90;88;86;88;57;57;55;55;56;56;56;56;55;54;55;56;56;56;55;55;56;54;55;56;55;55;54;54;54;42;42;41;42;41;41;41;42;42;41;41;42;41;42;42;42;41;40;40;41;40;41;41;40;40;35;35;34;34;34;35;34;34;34;33;33;33;34;34;34;35;34;35;34;34;34;35;33;34;34;31;31;31;30;31;31;30;30;29;29;28;28;28;27;28;27;27;28;29;29;29;29;28;29;28;30;30;28;28;28;23;23;23;22;22;23;22;23;22;23
933;937;938;941;944;942;947;939;945;942;936;934;937;936;938;944;940;935;942;945;944;946;941;1006;943;643;653;649;651;647;642;644;644;647;643;644;646;648;646;648;646;647;642;641;645;642;644;645;649;642;320;325;325;322;319;326;321;324;319;320;322;323;323;322;325;327;322;327;324;321;322;324;322;320;326;166;162;166;166;160;159;163;164;167;162;163;167;168;167;160;163;162;164;160;163;165;163;164;166;166;93;96;96;96;101;98;102;100;99;97;98;98;98;95;95;101;100;102;93;99;99;98;99;96;97;61;61;61;60;61;60;60;60;59;59;59;61;60;60;59;59;59;59;59;60;60;59;58;58;59;43;43;42;44;42;42;43;44;44;42;42;43;43;43;43;43;43;42;43;43;42;42;42;42;42;34;34;33;33;34;34;33;33;32;32;32;32;33;33;33;33;33;32;33;33;32;33;33;32;33;28;28;28;28;28;28;28;28;28;27;26;26;27;26;26;26;26;26;28;27;32;32;31;32;32;32;32;31;32;32;24;24;24;24;24;25;26;26;25;26
1056;1068;1070;1072;1075;1071;1072;1072;1072;1069;1065;1068;1068;1068;1064;1067;1069;1065;1068;1074;1070;1070;1072;1101;1067;738;746;739;743;738;735;742;737;737;735;739;737;742;742;741;738;738;733;739;738;738;738;736;742;738;365;369;369;371;367;371;370;373;368;371;366;366;366;369;371;373;370;372;372;370;367;370;371;366;369;186;183;185;183;179;180;179;179;181;180;182;185;186;186;181;185;183;185;178;179;182;179;179;183;185;104;105;104;104;111;109;114;111;113;110;113;108;108;106;104;109;112;113;106;112;109;107;111;109;109;65;64;64;63;64;62;63;64;63;62;63;64;63;63;63;63;63;63;63;64;64;63;64;63;63;45;44;45;46;45;46;47;46;47;46;45;47;47;46;46;47;46;45;46;47;47;45;45;45;45;34;33;34;34;34;35;34;34;33;34;33;33;34;34;33;34;34;33;34;34;33;34;34;34;34;29;28;28;29;28;28;29;29;29;28;25;25;25;24;23;25;24;24;29;28;34;34;33;33;34;33;33;33;33;33;26;26;26;27;27;28;28;28;28;28
1200;1208;1210;1208;1213;1214;1212;1216;1218;1215;1207;1242;1206;1211;1208;1213;1207;1212;1215;1215;1215;1213;1218;1219;1212;840;847;842;844;846;842;846;841;842;840;839;841;841;843;846;845;844;839;841;842;839;839;839;837;844;415;422;419;420;418;420;417;423;417;417;415;415;413;416;418;421;420;421;419;419;419;419;416;416;416;205;207;201;201;199;201;199;200;199;203;201;206;207;203;205;206;205;204;200;199;206;201;199;203;205;113;115;113;112;119;115;122;114;120;120;122;118;113;115;116;112;120;120;114;118;119;117;117;119;116;67;67;67;68;68;66;67;69;68;68;68;68;69;69;68;69;69;69;70;69;70;70;70;70;70;50;48;49;49;49;50;50;50;49;49;49;49;50;49;49;49;49;48;48;49;49;48;47;48;47;37;36;37;37;37;37;37;37;36;35;36;35;35;36;35;35;35;35;35;36;34;35;35;36;35;29;29;28;28;28;28;29;28;29;28;25;25;24;23;23;23;24;23;29;28;34;34;34;33;35;35;34;34;34;35;28;28;28;30;30;31;31;33;33;33
1354;1357;1360;1359;1363;1358;1358;1361;1359;1373;1361;1378;1360;1362;1357;1364;1356;1356;1370;1357;1365;1362;1362;1370;1366;951;952;950;951;950;949;948;943;949;945;948;948;947;945;945;947;943;944;943;944;943;944;941;945;945;464;469;468;466;470;466;469;471;465;463;468;463;464;465;465;467;468;469;470;468;471;472;464;464;468;229;228;228;227;224;224;225;226;222;227;228;228;229;226;230;230;232;228;225;228;228;225;227;227;228;122;124;122;126;126;127;128;126;129;130;129;129;125;124;126;121;126;129;124;126;127;131;128;129;125;72;73;73;74;74;73;74;75;75;75;75;75;75;74;75;75;74;75;75;74;75;76;75;75;75;51;51;51;51;51;51;51;51;50;50;50;50;52;51;50;51;51;50;50;50;50;51;51;51;50;37;37;37;38;37;37;37;37;36;35;36;34;35;35;35;35;35;35;34;34;34;34;34;34;33;27;27;27;26;27;27;27;26;27;26;25;25;24;23;23;23;24;22;27;26;36;37;37;37;38;38;39;37;37;38;33;33;34;36;35;36;37;38;38;37
1497;1499;1504;1500;1508;1498;1500;1506;1501;1506;1504;1504;1504;1503;1502;1497;1494;1499;1510;1499;1498;1498;1504;1510;1501;1054;1052;1056;1054;1056;1058;1054;1052;1054;1050;1052;1057;1055;1049;1053;1054;1050;1054;1049;1054;1053;1052;1044;1053;1051;516;518;520;515;525;520;522;522;520;521;525;518;523;518;517;522;519;522;524;524;524;525;523;522;523;248;245;252;247;248;245;247;245;244;248;248;249;248;250;251;252;250;250;249;249;245;243;249;244;245;135;140;139;140;137;143;140;143;143;144;140;143;143;136;137;137;136;144;141;140;138;144;140;142;142;77;78;78;78;78;78;78;79;79;79;80;79;79;78;79;80;78;79;79;79;80;80;79;80;79;52;53;53;53;53;53;53;53;53;53;53;53;54;53;53;54;53;54;54;53;53;54;53;54;54;36;36;36;37;36;36;36;35;35;35;36;35;36;34;36;35;35;36;35;35;35;35;35;34;34;26;26;27;26;27;27;26;27;27;27;22;23;22;21;21;20;21;20;27;27;39;40;40;40;41;40;40;39;38;39;37;37;39;39;38;40;39;39;41;40
1622;1625;1625;1628;1626;1622;1624;1631;1628;1631;1632;1625;1628;1629;1626;1624;1624;1623;1629;1629;1623;1623;1630;1630;1628;1152;1154;1154;1156;1153;1156;1151;1155;1154;1150;1149;1147;1150;1149;1148;1150;1151;1152;1151;1155;1152;1148;1144;1152;1146;566;569;569;566;570;571;572;569;574;572;576;571;570;567;571;573;567;569;573;570;573;575;572;573;572;267;265;272;268;270;268;268;265;264;270;266;268;270;268;272;269;268;273;270;268;265;266;269;268;266;148;153;150;146;146;149;149;150;151;150;149;151;153;145;148;151;144;150;149;148;147;152;147;151;147;81;81;81;82;82;82;82;82;82;84;84;85;84;84;84;85;84;84;85;85;85;86;85;86;85;55;56;56;55;55;56;56;55;55;55;55;55;55;55;55;55;54;54;54;53;53;54;53;53;53;36;37;37;38;37;38;37;37;36;37;37;37;37;36;37;37;36;37;36;36;36;35;36;35;36;28;28;27;26;28;27;27;27;28;27;20;22;21;21;20;20;20;20;28;27;38;38;39;38;39;39;39;39;39;39;38;39;39;40;40;41;40;41;43;43
1715;1721;1720;1720;1716;1718;1715;1723;1719;1722;1724;1719;1724;1720;1718;1718;1719;1719;1719;1720;1718;1713;1722;1715;1720;1227;1231;1227;1225;1224;1226;1226;1226;1226;1220;1222;1222;1219;1220;1219;1220;1218;1218;1216;1220;1221;1222;1218;1220;1215;601;603;603;606;602;604;608;606;607;604;606;604;605;603;608;603;600;605;605;603;607;608;607;606;606;289;287;290;291;291;290;289;288;285;289;285;285;289;288;289;286;290;292;291;291;285;291;291;289;286;156;156;151;151;150;152;150;151;156;151;156;158;157;150;153;156;150;153;151;152;152;155;157;158;152;85;86;85;87;87;88;88;88;88;90;89;89;89;90;89;89;89;89;89;88;88;89;88;89;87;56;55;56;54;54;54;55;54;53;53;53;52;53;53;53;52;52;52;53;51;52;52;52;51;52;36;37;37;37;37;38;37;36;36;37;36;36;35;35;36;35;35;34;35;35;34;34;34;33;34;26;26;25;25;26;26;25;25;26;24;22;24;24;24;22;23;23;23;26;24;38;39;39;40;41;41;41;42;42;42;41;41;42;44;44;44;44;45;46;47
1754;1753;1753;1752;1749;1750;1748;1753;1748;1752;1749;1749;1751;1745;1749;1745;1745;1748;1747;1743;1745;1743;1746;1741;1747;1257;1259;1256;1256;1252;1254;1256;1255;1254;1250;1250;1252;1250;1250;1252;1251;1246;1248;1247;1248;1250;1250;1250;1249;1245;621;617;618;618;619;619;622;622;625;624;625;624;623;623;623;619;619;623;622;621;623;625;624;624;624;295;293;294;296;298;299;293;298;296;293;295;293;291;293;292;293;295;295;299;296;293;299;297;293;292;161;160;158;159;157;159;156;158;163;157;161;165;159;159;163;162;157;159;160;159;159;158;164;164;161;88;89;88;89;89;91;89;90;90;90;89;89;88;89;88;87;88;88;86;86;88;88;87;87;86;53;53;53;52;53;53;53;52;51;52;52;52;53;53;53;52;53;53;54;52;54;53;53;53;54;34;33;34;34;34;35;34;34;35;35;34;34;34;33;34;34;34;33;34;34;34;34;34;34;34;25;25;26;26;26;27;26;26;27;25;23;24;23;24;23;22;23;23;27;25;42;42;43;42;43;43;42;43;42;41;44;44;44;45;45;45;45;44;45;44
1703;1698;1694;1695;1690;1696;1692;1692;1690;1689;1685;1690;1692;1682;1693;1687;1689;1692;1686;1686;1686;1687;1686;1680;1686;1225;1229;1229;1228;1226;1227;1228;1228;1226;1225;1222;1227;1220;1220;1224;1220;1219;1216;1219;1221;1221;1219;1221;1197;1214;613;610;609;609;612;609;610;614;615;614;611;614;611;611;610;608;609;613;608;609;609;611;610;612;611;282;283;282;284;286;289;284;288;288;283;284;284;281;280;283;283;282;282;287;283;286;286;286;284;281;160;161;160;157;154;154;153;156;159;153;155;161;156;159;160;161;157;157;159;153;155;156;156;161;155;85;86;85;86;85;87;86;87;86;87;86;86;86;87;86;85;87;87;85;86;88;87;87;88;87;54;54;54;54;54;55;54;55;54;55;55;55;55;55;54;55;54;54;55;54;55;54;53;54;54;34;34;36;35;35;37;35;36;36;37;36;36;37;36;37;37;37;36;37;37;37;37;37;37;36;29;29;29;29;28;29;29;29;29;29;22;22;21;22;21;20;21;21;29;29;40;40;41;39;38;38;38;37;37;36;41;41;39;39;40;40;40;39;39;38
1546;1537;1537;1535;1537;1539;1532;1532;1538;1534;1532;1532;1531;1530;1533;1535;1536;1532;1533;1527;1528;1535;1524;1526;1521;1119;1122;1118;1121;1117;1114;1116;1117;1114;1116;1109;1117;1107;1112;1108;1110;1110;1106;1105;1106;1106;1105;1103;1092;1101;563;557;560;557;555;555;553;560;561;560;556;559;555;555;557;549;551;556;551;552;554;553;552;554;554;261;261;259;264;260;267;263;263;267;263;262;262;260;260;263;260;263;262;267;263;267;266;265;263;262;141;146;143;142;140;140;139;140;137;137;137;144;141;143;144;144;144;141;144;139;139;141;137;145;140;81;82;82;83;81;83;84;84;84;85;84;84;85;85;84;84;85;86;84;84;85;86;84;85;83;53;53;53;54;52;53;53;53;52;52;51;51;51;51;50;51;50;50;49;50;49;49;47;48;48;35;36;37;36;36;36;36;36;36;37;36;35;36;35;36;36;35;35;36;36;35;34;34;34;34;28;28;28;27;27;27;26;26;26;26;24;22;23;23;23;23;24;24;26;26;36;36;36;36;34;35;35;34;36;35;36;37;36;37;37;38;38;38;38;39
1276;1277;1279;1262;1267;1275;1269;1253;1275;1254;1260;1269;1265;1254;1263;1257;1259;1264;1257;1248;1251;1260;1255;1252;1237;931;925;916;921;922;921;921;915;912;914;909;922;917;915;915;913;910;908;912;902;905;905;904;909;913;465;464;467;462;460;460;458;464;462;457;465;455;452;459;463;454;456;463;457;458;458;457;461;462;462;225;222;224;227;222;225;220;224;226;223;224;221;219;223;218;219;224;222;221;223;222;223;224;221;220;120;125;123;125;124;124;121;123;117;118;117;123;122;122;121;125;124;123;126;124;121;119;118;124;126;75;76;77;76;76;76;76;77;76;76;75;75;76;75;74;74;74;75;74;73;73;74;72;73;71;45;45;46;45;45;45;44;45;45;44;44;43;44;44;44;43;45;44;43;45;44;44;43;44;45;31;32;31;30;30;30;30;29;30;31;30;30;30;29;30;31;29;29;30;31;30;30;29;29;30;23;24;24;23;24;23;23;23;23;23;25;24;25;24;24;24;24;25;23;23;36;37;36;37;35;36;36;35;36;36;37;38;38;40;39;40;39;38;38;37
895;890;886;884;873;879;876;870;881;871;863;872;869;874;860;860;866;867;857;854;854;859;863;858;856;668;649;639;653;643;645;657;607;644;647;644;645;643;643;639;645;645;631;635;637;631;638;640;635;640;335;341;336;337;331;336;327;333;333;329;330;333;328;333;332;331;329;335;332;332;323;327;332;331;331;158;156;158;157;159;157;157;161;156;161;154;157;150;157;149;153;156;155;154;152;153;156;158;153;155;95;97;99;96;97;98;94;95;90;90;90;92;95;93;93;97;95;98;99;91;91;93;89;94;94;61;60;61;59;59;59;58;59;58;57;57;57;57;57;57;58;57;58;58;57;57;58;58;58;57;38;38;39;38;39;38;39;39;40;39;40;40;39;40;41;40;41;40;39;40;39;39;39;40;40;26;27;25;25;26;26;26;26;27;27;27;28;28;27;28;28;28;28;28;30;30;29;29;29;30;25;25;26;25;26;26;26;26;26;26;22;21;21;21;21;21;21;22;26;26;35;35;34;33;32;31;31;29;29;29;36;36;36;36;35;34;33;32;31;30
410;402;418;404;407;392;409;389;388;388;379;384;400;387;369;392;382;397;392;393;372;374;377;393;375;321;312;306;304;307;296;307;283;292;300;296;298;292;306;288;293;296;297;210;305;297;286;286;298;285;165;154;168;164;164;163;160;170;159;157;157;158;163;160;167;164;158;161;157;155;156;152;154;157;151;83;81;81;77;77;81;82;79;78;79;79;83;78;77;76;79;78;78;79;76;80;81;85;81;80;49;50;54;47;54;54;51;51;47;47;46;46;52;47;52;50;51;52;52;44;50;50;45;47;43;40;39;40;38;39;39;39;40;40;39;39;40;40;40;41;41;41;42;42;42;42;43;42;42;42;33;33;33;32;32;32;33;33;32;33;33;32;32;32;32;31;31;31;30;30;29;29;29;29;28;26;26;26;26;27;26;27;26;28;26;27;27;27;27;27;27;28;27;27;28;28;27;28;27;27;26;25;26;25;25;26;26;25;25;25;21;21;22;22;22;22;22;23;25;25;28;28;27;25;26;25;24;24;24;25;30;30;29;30;29;29;29;29;27;28
195;199;199;212;210;205;207;205;213;222;211;212;212;230;245;221;218;220;217;219;220;213;220;222;220;141;127;142;145;132;142;157;146;145;145;141;140;155;144;144;156;140;147;205;142;150;166;153;154;153;63;73;60;66;55;59;66;60;65;68;62;70;64;64;64;63;71;58;66;61;57;68;63;70;68;23;25;21;21;22;24;22;24;28;22;23;21;23;21;20;24;22;23;25;26;29;23;25;26;21;12;11;16;17;17;13;11;13;10;9;11;16;11;13;16;15;18;18;17;13;12;16;12;12;11;22;22;22;21;21;21;21;22;22;22;21;21;22;21;22;20;21;21;21;21;20;20;19;19;18;21;20;21;20;19;19;20;19;18;19;18;19;18;17;18;18;18;18;18;18;17;17;17;16;17;22;22;22;21;21;22;21;21;22;21;20;20;20;20;20;20;19;20;19;20;19;20;19;19;20;20;19;21;20;20;20;20;21;20;21;24;25;25;26;26;26;26;25;20;21;24;24;24;24;24;24;23;24;25;25;28;29;28;29;28;29;30;29;28;28
781;788;773;786;781;793;804;797;784;793;802;799;784;802;811;790;808;816;810;792;785;800;811;798;811;547;545;549;548;552;546;570;569;561;568;556;563;560;564;561;563;558;550;585;561;557;571;570;562;573;251;261;255;255;253;251;259;254;255;261;255;262;259;262;254;265;260;247;256;260;254;264;265;262;258;101;102;101;105;107;143;103;110;112;105;109;110;109;109;105;111;113;111;112;112;114;112;117;108;114;41;43;58;47;45;47;42;48;39;46;43;48;45;46;45;46;45;46;45;44;41;40;42;45;44;9;9;10;10;9;9;10;10;11;9;11;11;11;12;11;11;12;13;12;12;12;12;13;13;13;9;9;9;9;9;9;7;9;8;8;8;10;8;9;9;10;10;10;11;11;11;9;9;9;11;13;13;13;13;13;13;13;14;13;14;13;13;13;14;14;14;13;14;13;14;13;14;15;15;15;18;17;19;17;18;18;19;19;19;20;21;21;22;22;22;21;22;21;19;20;23;23;22;23;22;22;20;20;20;19;27;28;28;26;26;26;25;25;24;21
1408;1391;1401;1414;1382;1396;1408;1399;1409;1413;1425;1401;1407;1418;1422;1412;1427;1411;1409;1412;1404;1418;1430;1418;1408;981;969;991;985;995;982;983;987;988;988;980;987;996;1001;984;992;997;972;993;999;988;1000;1004;1001;995;465;473;465;465;465;462;468;467;465;463;465;482;474;470;465;480;468;465;470;464;471;466;471;474;469;203;202;203;208;205;220;203;208;206;207;208;211;208;207;205;210;207;207;205;209;211;209;209;208;207;89;92;103;93;95;96;95;96;89;95;91;95;95;97;95;99;98;98;93;92;98;93;94;96;96;30;31;30;33;32;31;32;32;33;34;34;33;33;33;32;32;31;32;31;32;31;31;31;30;31;8;8;8;8;8;7;7;8;7;7;7;8;7;7;8;7;7;7;7;8;7;7;8;8;8;8;8;9;10;9;10;9;10;10;11;11;10;10;11;11;12;11;10;11;11;11;11;12;11;12;18;17;19;17;17;18;19;18;19;19;16;16;18;18;17;18;19;17;19;19;16;16;14;14;14;14;12;13;13;12;21;21;21;19;19;18;18;18;18;16
1977;1985;1992;1987;1978;1992;2001;1989;2000;1984;1984;1994;1980;1981;2007;1982;1993;1997;1993;2000;1999;1986;1995;2006;2001;1394;1402;1420;1401;1409;1405;1411;1413;1413;1398;1410;1415;1404;1410;1412;1402;1407;1400;1412;1411;1415;1422;1428;1412;1418;674;677;668;678;667;675;680;669;675;671;677;686;676;683;676;685;672;682;675;675;682;677;681;680;679;287;293;287;294;293;289;287;289;290;293;292;294;289;293;293;290;288;291;293;292;300;292;292;294;292;141;143;151;145;150;148;148;146;144;148;146;142;144;145;150;150;147;146;147;147;147;144;142;143;146;53;54;53;53;53;52;53;53;53;54;53;53;54;53;54;53;52;53;53;54;54;55;55;54;55;18;18;18;18;19;20;19;21;19;20;20;20;21;20;21;21;21;21;21;21;22;21;22;21;23;6;5;5;7;5;6;6;7;7;5;5;5;5;6;6;6;6;5;5;5;6;6;5;5;5;13;12;12;12;12;11;12;11;12;11;17;18;19;20;19;20;20;19;12;11;10;11;11;11;12;12;12;13;13;14;17;17;18;18;18;19;18;18;18;18
2532;2528;2516;2531;2521;2534;2523;2525;2534;2527;2629;2535;2527;2524;2525;2510;2533;2520;2534;2541;2542;2531;2535;2527;2544;1785;1794;1790;1791;1782;1779;1783;1786;1783;1785;1783;1785;1788;1791;1795;1785;1789;1788;1791;1788;1782;1785;1800;1791;1796;861;864;854;863;858;855;865;859;852;927;857;864;861;861;856;863;859;859;858;853;858;860;855;863;857;373;379;372;372;378;371;372;372;373;373;379;378;378;376;377;377;370;375;378;379;380;380;378;382;381;182;183;189;186;188;185;189;184;187;185;183;182;180;182;186;184;186;183;187;189;185;186;180;184;182;72;73;73;73;73;74;74;75;76;75;78;77;78;78;79;78;78;80;79;80;81;81;80;80;81;34;32;33;33;34;34;34;34;33;34;33;34;33;33;33;33;32;33;31;31;31;31;31;30;32;7;7;7;8;8;8;7;10;8;9;8;8;9;9;10;9;9;9;8;7;8;8;8;7;8;8;8;7;8;8;8;8;8;8;8;16;17;17;17;18;18;17;16;8;8;13;14;15;14;14;15;16;16;15;15;20;19;20;19;19;19;17;17;16;15
2986;2982;2991;2991;2994;3005;2994;2997;2985;2999;3045;2987;3002;2985;2992;2984;3004;2992;3003;3008;3003;2996;2988;2992;3007;2109;2119;2102;2114;2108;2104;2105;2108;2106;2106;2105;2104;2101;2098;2112;2104;2100;2100;2097;2109;2100;2101;2111;2097;2113;1009;1011;1005;1012;1009;1005;1011;1009;1006;1042;1009;1006;1008;1016;1024;1015;1008;1009;1010;1008;1014;1009;1001;1013;1017;453;457;452;449;455;452;453;448;454;455;452;455;456;455;455;456;448;450;449;456;455;453;453;454;455;215;219;220;223;222;220;223;221;221;218;216;218;217;217;218;218;224;222;224;224;225;224;219;224;220;96;95;95;95;96;97;97;98;99;99;100;100;100;99;99;98;99;99;99;99;100;98;99;99;99;41;40;40;39;40;40;40;40;39;39;39;40;38;38;39;39;38;39;37;37;37;38;37;38;38;12;10;11;11;12;10;10;11;10;10;10;10;9;9;10;9;9;9;8;7;9;8;9;9;9;8;8;9;9;9;9;9;9;9;9;12;12;12;12;13;13;12;12;9;9;15;14;13;14;12;13;14;13;13;13;17;15;16;15;13;13;11;10;10;10
3348;3352;3381;3356;3352;3356;3349;3367;3353;3350;3359;3348;3351;3355;3344;3348;3365;3343;3349;3361;3347;3346;3350;3338;3353;2357;2370;2364;2364;2366;2368;2361;2358;2357;2356;2352;2362;2363;2355;2359;2356;2361;2360;2358;2361;2349;2363;2356;2357;2360;1135;1137;1136;1133;1135;1139;1143;1138;1130;1144;1136;1135;1137;1146;1150;1141;1138;1139;1143;1138;1138;1138;1137;1142;1146;505;505;505;506;504;504;503;504;507;507;501;507;507;504;505;503;501;499;503;503;507;504;502;502;506;250;250;250;253;264;256;257;258;256;251;251;250;252;251;250;251;255;253;259;255;259;253;252;254;251;112;111;110;110;110;111;110;110;111;110;110;111;111;109;110;110;110;110;109;109;110;109;109;110;110;46;45;46;45;46;45;46;46;46;46;47;48;47;47;47;48;48;48;47;47;47;47;48;47;48;12;11;12;11;12;11;10;11;10;10;10;11;11;12;12;11;12;12;11;11;13;12;13;13;13;7;6;8;6;7;7;5;7;6;7;13;14;13;13;15;14;15;14;6;7;12;12;12;13;13;13;15;15;16;16;12;11;11;11;10;11;10;10;12;11
3607;3607;3618;3609;3609;3612;3605;3620;3598;3610;3607;3604;3607;3606;3604;3601;3605;3592;3596;3599;3600;3606;3605;3597;3611;2542;2553;2540;2550;2547;2543;2539;2543;2541;2538;2533;2536;2546;2537;2541;2538;2542;2541;2538;2541;2532;2535;2533;2535;2537;1220;1226;1220;1221;1223;1225;1226;1224;1220;1226;1219;1224;1225;1224;1231;1229;1226;1224;1224;1226;1221;1220;1219;1227;1222;537;543;543;542;536;536;535;538;538;539;536;540;542;541;537;539;540;539;538;535;541;539;537;539;540;268;268;267;267;273;272;275;274;274;271;271;265;269;268;266;266;267;267;269;271;271;269;266;269;266;117;118;117;117;118;118;117;118;119;119;120;122;121;119;122;121;122;122;122;122;122;122;122;122;122;53;52;53;53;52;52;52;52;54;52;53;54;54;53;53;54;52;53;52;51;52;52;52;51;51;15;15;16;15;16;16;15;15;16;15;15;15;16;16;16;16;17;17;16;16;17;17;17;18;18;5;5;5;4;6;5;5;5;4;5;16;15;14;14;15;14;15;15;4;5;17;17;18;18;19;20;21;21;21;20;14;13;12;12;13;12;12;12;12;11
3756;3745;3756;3750;3749;3755;3745;3754;3746;3754;3745;3746;3748;3748;3751;3739;3745;3738;3742;3740;3742;3744;3747;3743;3749;2634;2640;2630;2636;2629;2632;2630;2631;2629;2625;2619;2622;2626;2618;2627;2622;2624;2626;2622;2622;2618;2616;2614;2613;2619;1259;1262;1259;1260;1264;1259;1263;1263;1258;1257;1258;1259;1262;1260;1261;1265;1262;1259;1260;1262;1258;1255;1258;1262;1258;559;567;566;566;562;562;560;561;559;559;560;562;567;567;566;564;563;566;564;559;565;559;561;559;564;271;275;273;272;275;274;277;276;279;276;276;271;272;277;271;271;272;274;273;279;276;279;275;274;276;123;124;124;124;126;124;124;126;127;126;126;128;127;126;128;128;127;129;128;128;127;127;127;126;125;53;52;52;52;51;51;50;51;51;50;50;50;51;50;50;51;49;50;49;49;49;49;49;49;49;17;18;17;16;17;16;16;17;16;16;15;15;15;16;16;16;16;16;15;16;16;16;16;16;16;6;5;5;5;5;5;6;6;5;6;12;11;11;11;11;11;11;11;5;6;22;21;21;21;21;21;21;21;20;19;12;11;10;10;9;8;8;8;8;8
3774;3761;3770;3760;3766;3761;3761;3769;3763;3765;3759;3755;3762;3762;3761;3750;3757;3746;3752;3753;3749;3749;3755;3749;3749;2640;2641;2636;2632;2629;2635;2632;2629;2630;2624;2622;2623;2624;2619;2628;2621;2626;2627;2625;2620;2615;2616;2611;2615;2615;1258;1260;1263;1261;1263;1260;1264;1267;1262;1262;1261;1258;1260;1264;1261;1267;1265;1262;1264;1265;1264;1260;1264;1263;1262;560;565;565;567;563;560;559;559;559;557;558;556;563;562;564;560;561;561;561;556;559;558;561;555;562;276;276;275;275;275;274;277;277;281;279;278;275;274;281;274;276;274;279;278;281;278;281;281;277;280;125;124;124;123;124;123;123;123;124;123;122;122;122;121;122;122;120;122;121;120;120;120;120;119;119;47;46;46;46;46;46;45;46;46;45;47;46;48;48;47;48;47;48;48;48;48;49;48;49;49;13;13;13;12;13;12;13;12;12;13;12;12;12;13;13;13;13;13;13;14;13;14;16;15;14;6;7;6;5;7;5;6;7;6;6;12;12;12;12;13;12;12;12;6;6;22;21;21;21;20;21;21;21;21;22;8;7;6;7;7;6;6;6;7;8
3658;3651;3654;3642;3651;3644;3650;3651;3650;3655;3640;3644;3652;3647;3644;3633;3641;3629;3639;3634;3630;3637;3641;3640;3633;2560;2561;2555;2548;2553;2548;2546;2550;2545;2547;2540;2539;2540;2535;2548;2534;2545;2545;2539;2535;2533;2537;2531;2533;2532;1221;1217;1225;1218;1222;1220;1223;1225;1222;1223;1221;1218;1216;1219;1217;1219;1222;1219;1219;1222;1225;1221;1217;1221;1223;533;538;538;537;537;532;536;535;535;530;534;529;532;532;538;537;537;534;536;533;534;534;531;532;534;267;264;264;264;263;263;261;264;266;267;265;263;263;264;258;263;260;260;261;262;259;266;265;264;265;115;115;114;113;114;114;113;113;113;112;112;111;113;111;113;113;112;113;112;112;112;113;113;112;112;42;42;42;42;43;43;42;43;42;42;44;44;45;45;43;44;44;45;44;44;45;45;44;45;44;10;12;11;11;10;11;11;11;11;12;11;12;12;13;13;12;13;12;14;13;13;14;14;14;14;5;7;5;6;6;5;7;6;5;5;17;17;17;17;18;17;17;16;5;5;24;25;26;25;26;26;27;25;27;27;8;8;7;7;8;8;8;8;10;10
3427;3425;3413;3413;3430;3419;3421;3427;3420;3424;3411;3414;3422;3413;3424;3414;3402;3412;3414;3399;3401;3410;3411;3411;3407;2391;2383;2379;2384;2375;2370;2376;2375;2374;2370;2359;2362;2352;2353;2364;2357;2363;2363;2367;2356;2358;2359;2358;2351;2355;1134;1127;1129;1128;1128;1128;1134;1126;1132;1128;1132;1125;1124;1121;1132;1126;1125;1126;1128;1129;1133;1130;1128;1130;1130;494;498;497;492;499;497;496;498;494;470;495;491;492;496;495;500;497;495;499;499;495;494;495;494;492;241;239;239;237;235;235;228;235;237;240;233;235;239;235;234;232;232;234;235;236;232;238;239;237;238;102;103;103;103;102;103;104;104;102;102;103;102;103;100;102;102;102;103;102;103;100;102;102;101;101;35;36;36;34;35;34;33;35;33;34;36;34;34;34;34;34;36;35;33;35;35;35;35;35;34;7;9;8;7;8;7;7;7;8;7;7;8;7;7;8;7;7;6;7;8;7;7;7;7;7;11;11;10;10;11;11;11;10;10;10;20;19;20;19;20;19;18;18;10;10;28;29;28;27;29;27;27;26;27;25;9;8;9;8;8;8;8;8;9;9
3105;3085;3089;3076;3086;3086;3076;3082;3094;3088;3078;3067;3067;3076;3076;3069;3070;3072;3066;3067;3050;3064;3073;3059;3062;2134;2133;2124;2126;2129;2121;2123;2119;2120;2107;2116;2107;2104;2106;2103;2103;2107;2104;2112;2113;2103;2110;2079;2104;2096;1008;998;1000;1004;1003;997;954;1001;1003;1000;1002;1003;1004;1002;1004;999;995;998;1006;1002;1008;1009;1001;1004;999;436;438;439;434;442;438;433;441;436;424;432;434;431;439;432;436;439;434;439;436;433;436;436;430;433;211;211;206;205;209;204;205;207;207;208;205;207;209;208;211;206;204;207;208;209;202;206;209;208;211;89;89;88;89;89;89;89;88;87;87;86;86;86;84;86;86;85;85;85;84;83;84;84;84;84;24;25;24;24;24;23;23;24;23;24;25;23;24;24;23;24;25;25;25;25;25;25;25;25;25;4;5;4;6;5;5;5;5;4;6;4;5;5;4;4;5;5;5;3;5;5;5;5;4;4;18;18;16;17;18;17;16;17;17;15;22;22;23;22;23;22;21;22;17;15;26;26;25;25;26;24;25;23;25;22;9;6;8;8;8;8;9;9;11;10
2668;2641;2652;2657;2635;2640;2630;2634;2647;2638;2630;2637;2634;2648;2591;2619;2620;2623;2630;2621;2624;2616;2625;2616;2613;1812;1798;1816;1806;1818;1797;1803;1814;1805;1800;1802;1803;1796;1791;1797;1794;1800;1792;1788;1796;1798;1789;1778;1788;1773;840;848;842;839;846;844;821;849;845;852;851;849;850;847;849;843;843;843;844;845;845;851;844;848;846;356;356;358;358;361;362;357;362;359;356;359;359;356;357;356;353;359;359;359;359;358;359;355;350;352;175;173;165;168;173;169;172;166;171;167;169;172;172;173;174;170;168;164;167;164;165;167;167;167;168;69;70;68;69;69;69;68;67;66;66;65;66;65;64;66;66;65;66;65;65;65;65;65;65;65;15;16;15;14;15;15;15;15;16;16;16;15;16;16;15;16;16;16;16;16;16;17;15;16;15;11;10;10;11;11;10;10;10;9;9;10;10;9;8;8;9;10;9;8;8;10;8;9;9;9;21;21;20;20;21;20;19;19;20;19;27;28;28;27;27;27;27;26;20;19;25;25;25;25;26;27;25;25;26;24;10;9;11;11;11;12;13;14;16;16
2148;2148;2133;2140;2136;2121;2138;2133;2120;2136;2119;2123;2120;2126;2083;2119;2105;2101;2135;2104;2115;2117;2121;2123;2116;1451;1435;1442;1445;1434;1420;1424;1451;1427;1423;1424;1430;1416;1414;1420;1404;1419;1414;1271;1428;1422;1412;1410;1410;1416;663;663;651;657;654;657;659;660;663;662;663;667;662;647;658;662;662;656;657;658;663;658;663;663;658;272;273;274;270;277;275;275;277;279;275;276;277;273;271;271;271;278;276;276;275;273;276;274;270;267;129;128;123;123;126;127;124;122;121;120;118;124;121;124;125;126;124;120;120;121;122;122;118;117;121;49;48;48;48;48;47;48;47;46;47;46;47;47;47;47;47;47;47;47;47;47;47;46;47;46;7;7;7;7;7;7;6;7;6;6;7;5;5;5;5;6;5;5;5;6;5;6;5;5;4;15;14;15;16;16;15;16;15;15;15;15;15;15;14;15;15;16;15;15;14;16;15;15;16;16;25;25;25;25;26;25;24;24;25;25;31;31;31;31;30;31;30;29;25;25;26;26;27;26;27;27;26;25;25;25;14;14;16;17;16;16;18;17;20;20
1601;1584;1568;1568;1574;1579;1576;1564;1574;1566;1577;1557;1571;1553;1560;1549;1565;1561;1573;1545;1543;1550;1547;1558;1551;1042;1025;1030;1035;1021;1030;1027;1034;1030;1024;1014;1014;1021;1002;1023;1010;1005;1010;946;1014;1023;1004;1000;1001;1012;463;466;461;456;455;460;463;467;460;462;465;464;457;451;462;458;462;463;464;452;467;457;460;460;455;176;182;182;180;183;183;187;185;184;191;181;186;184;177;180;179;180;176;185;183;179;183;187;179;181;79;79;79;81;80;81;76;73;73;77;75;72;73;78;76;78;76;74;78;78;74;72;70;71;75;28;27;26;28;25;26;26;27;25;25;25;25;26;25;25;25;26;24;25;25;25;25;25;24;24;5;6;6;6;6;7;6;7;7;7;7;7;7;6;7;7;7;8;7;7;7;7;8;8;8;21;21;22;22;23;23;23;23;24;23;23;23;24;24;23;23;23;23;23;23;23;23;23;24;24;32;31;30;31;31;32;30;30;31;31;35;36;34;35;35;35;35;35;31;31;25;25;26;25;26;25;25;24;24;24;18;19;20;21;20;21;21;21;24;24
1012;998;1005;963;988;997;988;977;989;978;990;990;985;966;985;961;984;977;942;987;981;961;981;967;962;631;624;620;618;615;612;605;609;615;605;599;612;609;606;602;593;604;594;596;596;599;591;587;603;592;265;258;264;259;257;258;256;260;258;255;257;264;259;257;267;261;260;256;257;258;259;251;256;262;258;85;89;87;84;89;89;89;87;89;95;89;94;93;87;86;86;87;87;87;90;89;92;88;83;90;31;31;34;34;34;35;32;27;27;33;31;28;30;29;31;29;25;28;32;30;22;25;25;25;24;5;5;4;5;2;3;3;3;3;2;2;2;3;2;2;2;3;2;3;2;1;1;2;2;2;16;17;17;17;18;17;17;18;18;17;18;17;17;17;18;17;17;18;17;18;18;18;19;18;19;27;29;28;28;29;29;30;29;30;30;30;30;31;31;31;30;30;31;30;32;31;31;31;31;31;37;36;36;37;36;38;36;37;36;37;41;41;41;42;42;41;41;42;36;37;24;25;26;25;25;26;25;25;25;25;24;24;24;26;26;27;27;28;30;30
469;462;447;422;446;431;427;442;447;438;427;434;431;430;442;426;429;438;396;433;431;427;424;408;426;227;228;221;229;216;209;208;225;215;220;220;218;227;213;206;213;220;214;204;201;205;212;206;206;213;70;66;72;73;60;67;67;66;64;64;71;71;64;61;68;67;66;69;69;64;65;62;59;67;64;9;9;8;13;12;10;10;14;13;14;14;11;9;10;8;12;12;15;15;15;13;12;12;10;10;18;17;15;12;15;13;13;17;15;14;20;18;18;21;16;17;22;15;12;18;20;21;19;21;23;18;17;18;18;20;20;20;21;21;20;21;21;20;21;20;20;20;21;20;20;21;21;21;21;21;28;29;29;30;30;29;29;30;30;30;30;30;30;29;30;30;29;30;29;30;30;30;31;32;32;35;37;36;36;37;36;36;36;37;38;37;38;40;39;38;39;39;38;40;40;40;40;41;41;40;44;43;43;44;43;45;43;45;44;45;46;47;46;48;47;48;47;48;44;45;25;25;25;25;25;26;25;25;24;24;30;29;29;31;31;31;32;32;33;34
125;135;136;134;140;145;136;137;139;142;138;139;139;145;149;152;144;149;146;134;150;144;149;144;145;159;158;176;170;165;171;174;166;171;166;177;179;167;167;172;163;172;174;175;178;176;181;190;178;175;117;119;116;118;127;118;121;118;127;123;118;117;121;115;120;112;122;118;111;116;126;119;126;121;123;75;84;79;80;82;82;83;80;78;82;75;78;79;75;76;82;80;83;83;83;79;83;83;79;76;60;60;56;57;60;56;52;54;58;57;58;57;59;61;60;60;62;56;56;56;59;58;60;61;62;38;40;40;40;41;42;42;44;43;42;44;43;43;44;43;44;42;43;43;42;43;44;43;43;44;41;41;42;42;41;42;41;42;42;42;42;42;42;41;41;42;41;43;42;41;42;42;42;44;45;43;45;44;44;46;45;45;45;46;46;46;47;48;47;47;48;47;47;49;49;49;49;49;50;48;50;49;50;51;50;51;50;51;51;52;51;53;52;53;52;53;53;54;51;52;26;24;25;25;25;25;24;24;24;24;33;34;34;35;35;35;35;36;37;37
516;524;531;528;532;525;533;523;534;527;519;525;534;545;533;547;536;539;537;536;527;530;533;537;531;462;457;460;465;463;465;473;463;470;465;465;460;455;450;465;469;457;472;461;468;469;477;480;465;464;260;262;259;264;268;259;261;261;265;268;264;265;267;265;264;260;263;267;263;263;265;268;265;269;267;143;147;145;145;150;150;149;151;147;151;143;149;144;142;142;149;148;147;149;148;150;151;148;146;143;94;98;98;95;96;95;89;90;98;94;92;95;96;99;97;97;98;93;96;95;95;92;95;100;99;60;61;61;62;62;62;63;63;63;64;64;64;64;65;63;64;63;63;64;62;64;63;64;64;65;52;53;52;53;53;53;53;54;53;53;53;53;53;53;54;54;54;54;54;53;54;54;54;55;56;51;51;51;51;53;51;51;53;54;53;54;55;54;55;54;55;55;54;56;56;56;56;56;57;56;56;54;55;55;54;56;55;56;55;57;56;56;56;57;56;56;57;57;55;57;27;25;27;27;26;26;25;25;25;25;39;40;39;40;41;41;40;41;41;41
867;873;875;866;866;869;874;868;863;869;864;867;873;873;874;873;875;877;872;869;857;875;876;863;872;693;694;695;692;695;696;698;697;700;704;704;698;699;693;693;698;693;697;698;692;694;702;699;701;703;380;377;373;374;373;371;373;372;382;383;379;378;379;381;374;372;377;377;375;375;377;382;378;381;380;198;195;192;195;198;199;198;203;199;202;195;199;195;194;196;198;197;197;198;199;202;202;199;201;198;123;129;129;127;126;127;124;122;128;121;122;128;127;126;126;129;125;121;126;123;123;121;121;125;127;77;78;78;80;80;80;80;80;81;82;81;81;81;81;81;82;81;81;81;81;82;81;83;82;83;64;64;63;64;64;64;64;65;64;64;64;64;64;64;65;65;65;63;64;64;64;65;64;64;64;57;57;57;58;58;58;58;59;60;59;61;61;60;61;60;61;61;60;62;62;62;62;61;63;62;59;58;59;59;58;60;60;59;58;59;57;57;57;58;57;58;57;58;58;59;29;27;28;28;28;27;27;27;28;26;45;46;45;46;46;46;46;46;46;48
1109;1107;1115;1114;1114;1105;1116;1106;1097;1104;1110;1104;1108;1105;1116;1113;1112;1108;1109;1115;1110;1113;1113;1105;1108;848;862;849;849;852;856;852;857;855;858;855;849;855;855;850;849;848;852;847;846;852;855;852;852;855;451;453;454;448;446;447;444;445;453;454;448;452;454;455;452;449;448;447;445;446;445;455;447;452;452;234;234;230;233;233;237;234;240;238;239;236;235;232;233;236;234;233;238;231;237;240;238;234;237;234;143;145;146;146;144;147;143;144;146;138;142;145;147;144;145;147;147;141;144;143;142;140;140;146;145;92;92;91;93;92;93;93;94;93;94;95;94;95;95;94;94;94;94;94;94;94;93;95;93;94;72;71;72;70;72;71;71;72;71;70;71;71;70;70;70;70;71;70;70;69;70;71;71;70;70;62;61;61;62;61;62;62;62;63;63;64;64;64;63;63;63;64;63;64;65;65;64;63;65;65;59;59;60;59;60;60;60;59;59;59;58;58;57;58;57;58;57;59;59;59;32;31;32;32;32;32;32;32;33;32;51;52;52;52;53;54;53;53;54;54
1259;1250;1252;1260;1256;1251;1256;1255;1250;1248;1246;1248;1248;1250;1256;1248;1255;1250;1251;1254;1255;1253;1253;1246;1250;942;945;939;936;934;939;940;939;938;940;942;935;934;941;936;936;934;936;930;934;933;938;935;935;940;489;490;491;490;489;490;485;483;490;492;491;492;492;494;493;489;488;488;488;485;487;487;486;491;490;251;250;249;253;248;252;252;254;253;251;253;251;250;246;252;248;246;251;247;248;251;254;250;252;252;155;155;155;154;155;159;155;158;158;151;153;154;156;155;153;157;161;157;158;158;155;155;154;156;155;101;99;101;99;99;100;99;100;99;99;99;99;100;100;99;99;99;100;100;99;99;99;100;98;100;73;74;74;74;74;74;74;75;75;74;74;75;75;75;74;74;75;75;74;74;75;75;76;75;75;63;63;63;63;63;63;64;64;64;64;65;65;65;65;65;65;66;65;65;66;67;66;66;66;66;60;59;61;59;61;60;59;60;60;60;57;57;56;57;56;57;56;57;60;60;37;37;38;38;37;38;37;37;38;37;56;57;57;57;57;57;57;57;56;55
1308;1307;1308;1310;1309;1309;1312;1310;1311;1301;1300;1301;1300;1304;1307;1303;1306;1307;1305;1310;1305;1300;1308;1301;1305;973;970;968;967;960;961;965;964;959;963;967;962;961;963;965;963;961;957;958;957;957;960;958;956;963;499;500;498;496;502;498;495;493;495;494;498;496;500;501;498;498;496;499;495;494;498;491;491;494;494;252;245;249;254;245;246;248;252;251;247;252;251;251;248;251;246;248;250;247;245;248;253;252;253;254;154;154;154;152;159;159;160;160;158;154;153;154;153;154;155;155;159;156;158;158;159;154;154;152;152;101;100;101;99;101;101;100;100;101;100;100;101;100;100;101;100;100;102;102;101;101;101;102;101;102;76;76;76;76;76;76;76;77;77;77;76;77;79;76;76;77;77;78;77;77;76;77;77;76;77;65;65;66;67;66;66;67;66;66;66;66;67;67;67;67;67;67;67;67;67;68;67;67;67;67;60;60;61;59;61;60;59;60;61;60;54;54;53;53;53;54;53;53;61;60;40;39;41;40;40;40;39;40;40;40;58;57;57;56;57;57;56;57;55;57
1299;1299;1301;1303;1300;1303;1305;1296;1302;1293;1298;1294;1293;1295;1293;1292;1298;1298;1295;1282;1297;1292;1299;1296;1297;947;946;938;937;936;937;935;936;935;938;939;938;938;935;934;936;932;933;931;929;934;930;928;929;931;476;480;478;475;481;478;479;474;474;472;475;474;478;480;477;479;478;476;475;478;477;471;470;473;475;246;241;243;244;242;242;242;244;244;242;247;245;246;247;247;244;242;244;243;242;240;245;244;247;249;146;145;146;146;152;152;153;152;151;151;147;147;150;147;150;149;149;147;152;153;154;150;146;148;148;100;100;100;99;101;100;100;100;100;100;100;100;99;99;99;99;98;100;100;99;99;99;99;98;99;73;74;73;73;73;73;73;73;73;74;73;74;74;72;73;73;73;74;74;74;72;73;73;74;74;64;65;65;65;65;65;65;64;65;65;63;65;64;63;64;63;63;63;63;63;63;63;62;62;62;55;55;55;55;55;55;55;55;55;54;52;51;51;51;51;52;51;51;55;54;42;42;44;43;44;44;44;44;45;45;59;58;59;58;59;59;60;60;58;60
1224;1246;1246;1245;1246;1246;1242;1244;1239;1240;1240;1240;1239;1235;1234;1235;1237;1235;1238;1229;1242;1238;1239;1242;1234;890;890;885;886;886;886;881;878;887;880;880;882;886;885;882;886;880;882;881;878;881;875;877;877;875;446;446;450;447;451;451;451;447;444;446;446;445;446;449;452;448;451;449;454;451;449;446;444;448;448;231;229;230;224;229;229;228;226;229;229;232;230;229;232;232;230;224;223;226;228;227;225;226;232;232;141;142;143;143;145;149;149;148;148;149;144;143;145;141;145;143;144;144;149;151;149;150;146;145;144;97;95;96;95;95;95;94;94;93;93;92;92;92;91;91;92;91;91;91;91;90;91;90;90;91;67;67;67;67;68;67;68;67;67;68;69;68;69;68;68;69;69;69;71;71;69;70;70;71;71;58;59;58;58;59;59;58;58;58;58;58;58;58;58;58;57;56;57;57;58;57;58;57;57;56;49;49;49;50;49;49;49;49;49;49;46;45;45;45;44;45;45;44;49;49;46;46;47;46;48;47;46;46;46;46;63;61;61;61;61;60;61;60;58;59
1146;1157;1159;1155;1158;1158;1153;1157;1158;1159;1154;1158;1150;1148;1150;1154;1150;1152;1156;1156;1155;1154;1156;1159;1152;828;821;823;823;826;819;818;816;821;817;796;815;814;819;821;819;821;815;818;815;812;814;809;810;812;413;412;415;410;418;416;416;414;410;414;413;408;409;412;418;413;414;416;420;415;413;414;414;412;413;205;206;208;201;209;207;203;205;207;205;208;206;208;210;212;206;204;202;207;208;206;209;208;211;210;131;130;130;132;131;133;137;135;137;136;131;129;133;131;131;129;131;130;134;135;131;131;133;135;129;86;86;86;85;84;84;84;85;85;84;84;84;84;83;82;83;83;83;84;85;84;84;84;84;84;64;63;63;63;63;64;64;63;64;63;65;63;64;64;64;64;64;64;65;65;64;65;64;64;64;54;54;55;54;55;54;55;54;54;54;55;54;55;55;55;54;53;53;53;54;53;54;52;53;52;46;46;46;46;46;46;45;45;45;45;39;39;38;38;39;39;38;37;45;45;45;43;44;43;45;43;43;44;43;45;63;60;60;60;59;58;60;60;58;60
1068;1065;1068;1070;1066;1066;1067;1062;1070;1065;1068;1067;1062;1066;1060;1059;1057;1064;1064;1055;1062;1064;1062;1066;1066;747;742;744;739;748;742;738;741;739;738;727;735;737;737;738;734;738;738;741;736;735;733;729;731;732;367;365;368;369;373;366;370;369;364;372;369;364;365;368;372;366;366;372;375;374;368;375;374;366;373;187;191;195;189;192;191;190;191;195;190;192;191;195;196;196;192;191;191;196;191;190;194;189;193;191;117;113;111;115;115;112;119;119;119;119;114;112;118;118;115;113;115;115;119;116;113;116;117;118;117;78;78;78;78;78;78;78;78;78;78;77;76;77;77;76;76;77;76;76;77;77;77;76;76;76;58;58;58;57;57;57;57;56;57;56;56;55;56;55;56;56;56;56;55;57;56;56;56;56;56;49;50;51;49;49;49;49;49;48;48;48;48;47;47;47;47;45;45;46;45;45;45;44;45;44;38;38;38;37;38;39;37;38;37;36;35;36;35;36;36;37;35;35;37;36;44;43;45;45;47;46;47;48;48;50;63;61;62;62;62;62;63;64;63;64
968;962;967;971;966;969;965;964;967;969;961;968;965;967;957;958;957;961;964;956;957;959;964;961;963;666;662;665;661;671;664;662;667;664;661;664;661;660;658;661;658;663;664;664;664;663;656;660;658;662;329;332;330;329;334;329;330;337;330;336;335;331;331;334;335;337;334;337;339;338;339;340;338;338;341;171;172;174;174;172;173;172;168;175;169;172;168;171;175;174;174;173;173;171;171;171;169;167;169;165;112;108;107;105;108;104;109;111;110;109;111;105;112;110;106;105;106;109;109;107;109;112;112;110;112;72;72;72;73;71;71;71;71;70;70;68;67;68;68;68;66;67;67;68;68;67;68;68;67;67;51;51;51;51;52;51;51;51;50;51;51;50;52;51;51;52;53;52;52;53;53;52;54;53;53;41;41;42;41;41;41;41;41;41;39;39;39;39;39;39;39;38;38;39;38;38;38;38;38;37;31;31;32;31;32;32;32;32;30;31;29;29;29;29;29;29;29;28;30;31;51;52;52;52;53;53;53;53;54;52;66;64;63;64;62;62;62;62;61;61
863;861;865;866;861;869;862;870;866;865;862;867;865;866;864;862;859;863;860;864;856;862;861;868;861;603;599;602;599;603;599;600;603;598;595;597;593;590;597;599;596;596;592;598;600;595;593;596;594;598;300;304;298;300;303;299;300;307;299;304;301;300;301;300;299;305;303;301;305;303;306;307;302;306;302;152;145;153;155;154;155;150;148;153;151;151;148;150;154;154;153;156;157;153;156;155;151;148;151;149;102;98;100;96;98;96;95;96;96;97;99;97;101;101;97;94;93;92;97;93;98;99;96;94;98;64;64;64;65;63;64;64;64;63;63;62;62;62;63;64;62;63;64;65;64;64;64;65;65;64;50;50;50;50;51;50;51;50;49;49;49;48;50;48;48;49;49;49;49;48;48;48;48;47;47;37;36;37;37;36;36;37;37;37;36;36;36;36;35;35;35;35;35;34;35;34;34;33;33;32;28;28;28;27;27;28;27;27;26;26;21;22;22;21;21;22;21;21;26;26;54;54;53;54;53;54;54;54;55;54;58;58;55;56;54;55;55;55;55;55
783;782;785;781;781;784;778;782;782;777;784;784;785;782;788;784;776;782;783;781;777;779;774;780;780;536;533;532;530;532;533;534;534;531;530;530;526;521;527;529;529;524;522;530;527;528;529;529;526;531;264;266;261;264;267;264;267;267;264;269;260;266;268;262;262;266;265;267;266;266;271;271;270;270;268;144;138;143;143;145;145;143;144;145;146;144;140;143;142;146;142;149;150;146;147;146;143;141;142;143;89;86;87;85;84;84;84;82;82;88;86;87;90;90;89;87;82;82;86;85;88;89;85;84;90;62;61;62;62;63;63;63;63;62;63;62;61;61;61;61;61;61;61;62;61;61;60;60;60;60;47;46;46;46;45;45;45;44;43;42;42;40;42;40;41;41;41;41;41;39;40;40;40;38;38;33;32;31;32;31;32;30;31;31;30;29;30;29;28;27;27;26;26;25;26;26;25;24;25;24;21;21;19;20;19;20;19;19;18;18;20;20;20;20;20;20;20;20;18;18;55;56;56;57;57;58;59;59;60;60;50;50;49;50;49;50;50;52;53;51
705;701;705;699;697;697;702;696;699;698;699;701;696;699;704;702;697;697;702;701;691;690;691;693;692;477;476;471;470;474;477;478;472;472;477;475;473;471;471;471;475;470;471;478;472;475;477;478;475;479;242;241;237;236;238;241;240;239;241;244;241;245;245;243;241;243;243;244;242;240;248;244;247;248;249;127;126;128;125;129;131;133;132;131;132;131;125;124;124;129;127;129;130;128;128;126;125;126;123;129;84;87;88;86;85;82;84;81;80;85;88;87;89;90;90;89;84;85;84;84;88;84;84;85;89;60;59;59;59;59;60;58;57;57;58;56;55;54;54;54;54;54;54;54;53;54;53;52;53;54;41;41;41;41;40;40;40;40;39;39;39;38;39;38;38;39;39;39;39;38;39;39;39;38;38;27;26;24;25;26;26;25;25;26;24;24;24;23;23;22;22;22;22;22;22;22;22;22;23;21;19;18;17;18;18;18;18;18;18;18;19;17;17;18;16;16;17;17;18;18;61;61;62;61;61;61;60;61;60;60;45;44;43;43;42;42;41;42;42;40
626;626;627;624;616;618;623;621;618;622;620;618;619;623;627;621;621;620;625;627;618;615;619;620;616;431;430;426;426;426;432;432;425;427;432;432;432;430;427;423;424;423;428;431;424;426;429;431;430;429;222;218;219;216;214;219;217;217;218;218;220;222;224;222;219;219;216;216;216;214;220;217;221;221;224;106;107;107;107;111;111;110;111;114;114;113;108;107;107;114;110;111;110;114;114;112;111;112;108;116;76;81;77;78;80;73;72;76;72;74;76;76;76;76;63;77;77;77;75;74;74;70;73;73;75;53;54;53;53;52;54;53;52;53;53;52;52;52;52;53;53;54;53;53;53;54;54;53;53;54;43;44;44;44;42;42;43;43;42;41;42;41;42;41;40;40;41;40;40;38;38;38;38;38;37;29;28;27;27;28;27;28;27;27;27;27;26;26;25;26;26;26;25;26;25;25;26;25;25;24;23;21;21;21;21;21;21;21;21;21;16;16;16;15;15;15;15;16;21;21;58;57;58;55;55;55;55;55;55;54;32;32;30;30;30;30;29;30;31;30
568;565;566;567;562;560;560;561;553;559;558;559;562;563;563;561;564;566;568;567;563;560;563;555;561;380;379;378;374;376;380;381;377;377;381;376;378;375;375;374;371;371;374;373;372;371;375;377;374;376;189;193;193;186;187;186;186;191;190;188;190;192;192;193;191;188;187;186;187;185;187;189;192;186;194;101;101;101;102;109;106;102;106;110;110;105;105;104;103;110;102;106;105;107;109;107;105;108;104;108;67;68;65;65;67;61;60;65;63;62;61;64;65;62;62;67;68;69;65;65;62;63;66;63;67;52;54;53;54;53;54;54;54;55;55;55;54;54;55;54;55;55;54;53;53;53;53;53;52;52;43;43;42;42;40;40;40;40;39;37;38;37;38;37;36;36;37;35;36;35;34;34;35;34;33;30;30;29;27;27;27;27;26;25;26;26;24;24;24;24;24;23;23;23;21;22;22;22;21;21;20;19;18;17;19;17;17;17;17;17;19;19;18;18;19;17;18;17;17;17;53;53;54;53;53;54;54;54;55;54;24;26;25;26;25;26;27;28;29;28
509;505;505;506;509;506;503;503;498;499;498;501;502;498;501;502;505;502;507;505;502;502;496;498;501;339;341;341;334;336;338;339;339;338;338;338;342;339;338;342;338;334;342;335;335;339;342;341;335;343;174;177;179;173;173;172;170;175;173;173;176;177;178;179;179;178;175;175;177;172;176;175;178;177;180;94;93;92;94;95;96;93;95;98;98;93;95;96;91;94;88;92;90;93;94;89;90;95;91;92;64;63;64;64;63;65;64;61;66;61;61;65;67;63;66;65;67;70;65;64;65;64;65;62;64;52;52;51;51;50;49;50;49;49;49;49;48;48;48;47;48;47;47;46;46;46;46;46;45;46;38;38;36;37;36;36;36;36;36;35;36;35;36;34;34;35;36;35;34;35;34;35;34;34;32;24;24;23;22;22;21;22;21;21;21;21;21;20;21;20;20;20;20;20;20;20;20;20;20;20;18;18;17;16;18;16;17;17;16;17;16;16;16;15;15;14;14;14;16;17;52;53;52;50;51;49;48;49;48;46;26;26;25;25;25;24;25;25;25;24
455;449;455;453;456;455;448;451;451;452;447;448;451;447;449;454;456;452;453;456;451;452;448;456;452;314;316;318;310;310;315;310;312;312;308;317;318;316;309;316;311;309;312;308;310;311;314;310;309;312;164;168;167;166;162;162;163;160;163;160;161;163;164;167;166;164;161;164;160;159;162;162;160;163;161;84;84;79;81;77;85;82;85;83;87;83;86;87;83;80;80;80;80;83;86;84;84;87;84;87;56;53;54;60;55;60;56;55;57;54;50;54;55;51;54;54;54;54;56;55;54;52;51;50;49;43;42;43;42;41;41;42;42;41;41;42;42;41;42;42;42;42;42;42;42;42;42;41;42;42;36;35;34;34;34;34;33;32;33;33;33;32;32;31;32;31;31;31;28;30;28;29;27;27;26;22;21;21;21;21;21;21;20;21;21;21;21;22;22;20;21;21;20;20;21;20;21;19;20;20;18;18;18;17;19;17;18;17;17;17;12;12;12;12;12;12;12;13;17;17;42;43;42;40;41;39;38;38;37;37;23;21;22;21;21;20;22;21;22;21
418;413;418;416;420;420;412;417;415;419;414;416;420;413;417;416;419;415;417;412;417;414;413;420;413;282;281;285;281;276;278;277;277;278;274;279;281;281;278;278;277;277;276;275;276;275;274;272;277;273;144;148;147;147;144;144;147;141;144;140;140;141;146;144;145;144;145;144;142;142;142;143;139;141;139;88;85;82;83;78;84;79;83;83;84;84;85;87;86;80;80;79;80;78;83;84;85;82;84;82;46;43;47;47;49;49;44;49;46;44;41;43;45;42;43;46;44;45;49;50;45;47;42;46;42;38;37;37;37;37;37;37;37;37;37;37;37;35;36;36;36;36;34;35;34;34;33;32;32;32;27;25;25;24;24;24;23;22;23;23;22;22;21;21;21;21;20;20;19;20;19;19;19;19;18;18;17;18;17;17;17;17;16;16;16;16;16;16;16;16;15;15;14;14;16;15;15;14;14;14;12;12;12;13;13;12;13;12;13;12;14;16;16;16;15;15;15;17;13;12;36;35;37;36;37;37;36;35;36;36;23;22;23;23;24;24;25;25;25;25
373;374;372;373;376;376;372;373;369;372;369;370;372;367;370;366;372;365;373;363;371;368;365;373;368;253;253;257;254;250;250;248;249;255;252;250;252;256;255;247;255;255;255;254;250;251;249;250;252;249;138;139;138;138;138;137;138;134;133;132;132;132;135;133;135;139;140;137;138;136;133;131;131;130;131;79;72;76;72;71;69;68;68;71;70;74;72;72;74;68;65;66;67;64;65;67;71;66;69;63;42;43;45;45;46;47;46;49;45;44;42;42;44;41;43;43;42;47;48;48;47;47;45;45;42;30;30;29;29;28;28;27;26;27;26;26;26;24;24;24;24;24;23;24;23;23;22;21;21;22;17;17;16;17;17;18;16;17;18;18;18;18;18;17;17;17;18;17;19;19;18;18;19;19;20;13;13;13;12;13;12;13;12;12;12;14;13;14;14;14;14;15;13;15;15;15;15;16;15;15;13;13;14;15;15;14;15;15;17;16;15;16;16;16;16;16;16;16;17;16;35;34;35;34;33;33;32;31;30;29;26;25;26;25;24;24;23;24;22;23
325;332;325;329;329;328;331;326;326;325;327;325;326;326;322;322;327;323;328;327;327;329;327;332;331;231;232;233;228;227;227;226;226;231;230;226;226;233;231;224;226;230;230;229;228;228;225;226;226;222;127;125;125;122;128;127;125;125;122;120;118;118;117;120;120;124;123;121;122;117;117;117;113;116;113;65;60;61;60;61;58;55;56;55;58;60;59;57;64;59;55;58;59;58;55;56;61;59;60;59;35;34;37;36;32;34;39;39;37;35;34;29;32;29;32;32;31;33;36;35;33;37;36;31;31;21;20;19;19;19;19;19;18;19;19;19;20;19;20;20;19;20;19;20;20;20;20;20;20;21;17;16;17;18;18;18;17;19;19;18;18;19;19;18;18;17;18;17;18;17;16;18;18;17;18;16;16;17;17;18;18;18;18;18;18;20;19;20;19;19;19;20;19;20;20;21;20;20;21;20;19;20;20;21;21;21;21;21;22;22;18;19;19;20;20;21;20;21;22;22;27;26;26;25;24;22;22;21;22;21;24;23;24;23;23;22;22;23;22;23
292;297;291;295;291;292;296;293;298;295;297;296;296;295;290;290;289;293;292;295;298;290;296;295;298;200;201;201;199;197;193;196;197;196;194;193;193;197;199;193;193;197;200;199;197;193;193;190;191;191;104;103;103;102;105;105;107;105;105;102;98;98;98;101;102;101;103;104;105;99;100;102;97;100;95;60;64;57;62;60;59;56;56;57;61;55;56;59;63;62;58;61;60;59;54;57;57;55;58;60;31;30;31;30;26;28;34;33;32;30;31;28;29;28;28;28;26;27;33;30;31;34;35;31;28;21;20;19;19;20;20;20;20;20;20;20;20;20;21;19;19;19;19;18;18;18;18;18;18;19;16;15;16;16;16;16;16;17;17;15;16;16;16;16;16;15;17;16;16;16;15;16;17;17;17;19;20;19;20;21;21;20;20;21;20;22;22;21;22;22;20;21;21;21;22;22;21;21;22;21;21;22;22;23;23;23;23;24;23;24;28;28;29;29;30;30;30;30;23;24;20;20;21;20;20;19;20;19;19;18;26;27;27;28;28;27;28;28;29;28
253;258;252;256;250;254;255;257;257;256;256;258;255;253;251;251;252;253;253;253;255;253;252;253;256;177;176;180;180;178;172;178;180;176;172;175;172;175;180;174;176;178;181;177;179;172;174;174;171;175;95;97;98;97;100;97;101;96;100;98;96;93;95;95;96;96;98;98;99;97;96;97;97;96;92;49;54;52;56;51;54;53;49;50;51;47;50;52;55;51;53;49;50;51;46;51;47;47;51;50;38;37;37;36;33;36;40;39;36;38;39;36;37;36;38;36;34;32;40;33;39;39;40;39;33;22;21;20;20;21;20;20;20;20;20;19;19;18;19;18;19;18;17;17;18;18;18;18;19;20;17;16;17;17;18;18;19;20;20;19;20;20;21;20;21;21;22;22;22;23;22;23;24;24;24;21;22;21;22;23;22;23;23;24;25;25;25;25;26;26;26;27;27;27;28;28;28;29;28;29;28;29;29;29;30;29;30;30;31;32;32;31;32;33;33;33;33;33;31;32;19;18;19;17;17;16;16;15;14;13;30;29;29;29;28;28;28;28;27;26
221;227;219;221;216;219;221;227;225;220;221;226;224;221;223;222;223;219;223;220;221;225;219;222;228;161;162;166;164;164;160;158;163;156;155;162;153;158;159;159;160;156;158;156;158;155;159;157;155;157;88;88;87;89;93;91;88;89;93;89;91;89;89;84;85;89;84;88;86;87;86;88;89;87;84;50;49;54;53;51;53;51;51;48;46;47;49;50;52;51;51;50;51;51;51;55;48;53;54;49;39;35;35;35;35;33;37;34;36;37;38;35;35;36;35;34;33;32;35;33;35;37;36;36;30;23;23;23;23;24;24;23;24;25;25;25;25;24;25;25;26;25;24;25;27;25;27;27;27;28;25;24;25;25;25;25;25;26;26;26;25;25;26;25;25;26;25;26;26;26;27;26;27;28;27;28;30;29;29;31;31;32;32;32;33;32;33;33;32;33;34;34;34;35;34;34;34;35;34;35;36;36;36;36;36;36;37;36;38;37;35;35;35;37;37;36;37;38;38;37;16;13;15;13;13;12;13;12;12;12;26;25;25;25;25;25;25;26;26;26
